"Name","Length"
"img-0415d4d3-1b13-4a20-b47a-c34eb6201c46.webp","1304888"
"img-05b4d88c-cbe4-47b8-8dcd-2d7771af4762.jpg","141217"
"img-08543631-0ee8-4b47-8b98-fef9ba31902b.webp","2501476"
"img-0ac70dde-5fa2-431e-a6e8-9eee98560bb0.webp","3904470"
"img-16d5a22e-570d-4d2c-b931-948176ffc404.webp","243716"
"img-18c2e520-f15d-415a-a07b-f27bb31373ee.webp","286416"
"img-19d5d333-9bb4-484d-aa83-21bda3a68653.webp","76822"
"img-1c659ff9-a3ce-420c-a721-091fd18cf58a.jpg","523414"
"img-1f1dc5b2-25c7-47a8-8d9a-3aee88c3d769.jpg","12646120"
"img-1f1dc5b2-25c7-47a8-8d9a-3aee88c3d769.webp","1647098"
"img-1f6e6efa-e236-47b2-80a2-606ca8e9fe73.jpg","361541"
"img-24a5fc2c-d787-414c-8a78-a919e9b9b2d4.webp","201402"
"img-26ae523e-537d-4057-8ee5-62636b62e6e1.ico","6732"
"img-2c40c917-bf09-43dc-8f79-494510f7a019.jpg","1534823"
"img-2cb3ac58-e73e-401f-89e6-4f23dc331b47.jpg","8204622"
"img-2cf9f394-a833-4256-a63b-859a5f7fd801.jpg","268167"
"img-2f71b632-a3c4-45f3-a208-74f6ae107152.jpg","328391"
"img-3364d0e0-08bb-438c-b5ac-2f1e4d479abe.png","2667"
"img-3364d0e0-08bb-438c-b5ac-2f1e4d479abe.webp","906"
"img-468209ce-3dee-47c5-8fe8-f1846bc1d475.jpg","450712"
"img-49d346c4-5b23-4e5c-87dd-3e20f334dad6.jpg","319695"
"img-5213fd49-8469-48ab-b09e-95675699fe0c.jpg","446527"
"img-5987e456-e67b-49c7-914b-ae0761591f47.webp","234704"
"img-5da9ef9c-d3de-4501-a785-ac18c9ab9087.jpg","1548247"
"img-5da9ef9c-d3de-4501-a785-ac18c9ab9087.webp","280958"
"img-61e9a631-c525-4477-9eb0-bc31dba63cd6.jpg","469514"
"img-64cd927c-07a8-4b2e-bb6a-1e5d5408cd6e.png","2802530"
"img-64cd927c-07a8-4b2e-bb6a-1e5d5408cd6e.webp","393076"
"img-65dd477f-191c-4d74-a689-d5dc146b439a.jpg","385504"
"img-678375de-22d9-41b8-9c97-e45be142c959.jpg","362485"
"img-69774331-21a7-40b1-ac4d-3982b317501f.png","1962"
"img-69774331-21a7-40b1-ac4d-3982b317501f.webp","908"
"img-69abcb57-628f-4a0d-b2cb-75c9eb3ac52f.jpg","420773"
"img-6a164090-cf7e-46e2-918a-983af75f752a.jpg","370697"
"img-6b503524-a06e-461b-a1f1-f84cc13d5c36.jpg","469662"
"img-6da0eedf-8527-47bb-b592-5f8a637ce9fa.webp","3505648"
"img-6e2264a9-f48f-49a8-be60-e54a57af2405.jpg","679173"
"img-6f594b46-8458-473f-a2e2-235dd3a798bd.webp","2229420"
"img-719d2f57-28fe-4ce9-a06c-1f26087159f3.webp","348726"
"img-71d0ed44-3614-453c-92b7-b95c11cea498.jpg","201466"
"img-7367642d-a332-42e3-baf0-f52dfb793b35.jpg","574364"
"img-752af6a2-3602-429d-9f88-eb4dd384072e.jpg","367328"
"img-7ed0facb-620a-4716-a80c-43e1f2a0789c.jpg","8204622"
"img-7fca6da7-689b-466d-9dac-18c9c47dcda1.webp","381034"
"img-7ff4c53a-0c88-4087-91a6-3b3e1bde2ea4.jpg","476971"
"img-8048f1d4-057e-4eee-b6d2-10d81504c367.jpg","348430"
"img-8530056e-f007-4829-85f3-ff18c9de3419.webp","216724"
"img-85702b4e-4945-43df-9f03-47f2a6d6716f.jpg","385431"
"img-8b73612c-8942-417d-b556-8ebf8b7214d7.webp","160268"
"img-8d509d57-ebcc-4fd8-af90-355871a4ae75.webp","208594"
"img-90c3de0c-4eac-487a-9f90-aba3e1cfffcc.webp","436550"
"img-913f1e2c-f674-4fc7-aa49-8348ef183cab.webp","1673320"
"img-93fce4d6-af81-4e27-b726-55da2332debe.webp","179058"
"img-9991774d-68b3-42ee-b0c9-fd8b89c94cf7.jpg","448468"
"img-9f9b3665-3932-4325-b995-066cf730e29f.jpg","1294559"
"img-a3b87f16-3863-44e9-bad5-19b0a6808067.png","1110"
"img-a3b87f16-3863-44e9-bad5-19b0a6808067.webp","526"
"img-a4b00ef0-bce4-48ba-9b8b-fc9962ebe165.webp","1815490"
"img-a58ae929-0787-4db9-8057-3eabd7f22d12.jpg","515936"
"img-aa460788-7ffd-46d4-a408-0ad50c08bfe3.jpg","1598760"
"img-ab651497-efef-4e8c-acd3-a17da17099e1.jpg","712069"
"img-af978da9-6a92-4aca-8c1e-8b9c5d225e77.png","1097"
"img-af978da9-6a92-4aca-8c1e-8b9c5d225e77.webp","854"
"img-afa9b05f-b2fc-4310-ac64-7cdb11a22bff.webp","1857654"
"img-b91297ad-4f96-4c86-98fd-b78eccf4d45f.jpg","320226"
"img-b9493b77-2917-4d8a-aac4-a9fdf1da1410.jpg","253802"
"img-b9f08b99-fc2c-46f3-bf7e-e0c8faf22e8d.jpg","421186"
"img-ba3bd1f8-58b5-4636-a132-ced69ad01250.jpg","1526927"
"img-ba3bd1f8-58b5-4636-a132-ced69ad01250.webp","322028"
"img-c846a4d7-ba07-4e74-be1a-a6621114eb15.webp","375542"
"img-c8ec2641-ece2-4fd6-b90b-87207b638509.jpg","85798"
"img-ce032416-423b-4f0a-be02-5e433424e3d4.jpg","215275"
"img-ceacede4-2cbc-4dca-af03-153e0f575e3a.jpg","5959337"
"img-d360c8b9-9fc3-4e9a-8577-716f9beabf94.jpg","485630"
"img-d4d0f042-6c09-4ad9-aab2-ba5f8d3d31de.jpg","1482710"
"img-d4db70ce-1f99-4386-8e09-26d352f5b3b6.jpg","376681"
"img-d8f46744-4df2-4b3b-94c9-c1b2df0e75d4.webp","2218222"
"img-e075fd05-6be4-48d3-a711-1744f9a08ebd.jpg","436657"
"img-e125dc83-3a1f-405e-81f5-f68c78bdfe56.jpg","430860"
"img-e7e3e64d-cf4e-4d83-9ce0-de8d6370b907.jpg","372045"
"img-f1c07dd5-e899-4d02-a980-291c70197c2d.jpg","318440"
"img-fc3f9082-a8d8-4064-baba-377ee1ae4503.jpg","600618"
"img-fe771f32-6ce9-4200-9805-6cc2eb905ee2.jpg","458575"
